{"cameraMode":{"drawMode":0,"name":"Shaded","section":"Shading Mode"},"sceneLighting":true,"audioPlay":false,"sceneViewState":{"m_AlwaysRefresh":false,"showFog":true,"showSkybox":true,"showFlares":true,"showImageEffects":true,"showParticleSystems":true,"showVisualEffectGraphs":true,"m_FxEnabled":false},"in2DMode":false,"pivot":{"x":28.216428756713868,"y":-13.260374069213868,"z":12.668386459350586},"rotation":{"x":-0.18550394475460053,"y":-0.5417044162750244,"z":0.12396302074193955,"w":-0.8104481101036072},"size":21.787660598754884,"orthographic":false}